effect,group,term,estimate,std.error,statistic,df,p.value
fixed,NA,(Intercept),12664.51099667588,484.6547538386059,26.13099509778721,27.18462719586382,8.494448544446329e-21
fixed,NA,SpeechStyle,3049.8849969073285,629.0003266737726,4.8487812606322125,19.700052235400673,1.0133807098875613e-4
ran_pars,subj_id,sd__(Intercept),2002.4772871917307,NA,NA,NA,NA
ran_pars,subj_id,cor__(Intercept).SpeechStyle,0.6935062783273138,NA,NA,NA,NA
ran_pars,subj_id,sd__SpeechStyle,1727.8868266323482,NA,NA,NA,NA
ran_pars,item_id,sd__(Intercept),772.0178682201797,NA,NA,NA,NA
ran_pars,Residual,sd__Observation,3425.6277930797605,NA,NA,NA,NA
fixed,NA,(Intercept),12491.17101304839,518.18386547898,24.105673381980456,29.551318955057727,5.495861145366055e-21
fixed,NA,SpeechStyle,2612.3936565148006,747.6277203143401,3.494243974014794,22.512351872836753,0.0020011615425080016
ran_pars,subj_id,sd__(Intercept),2054.3326323688702,NA,NA,NA,NA
ran_pars,subj_id,cor__(Intercept).SpeechStyle,0.5585604827973283,NA,NA,NA,NA
ran_pars,subj_id,sd__SpeechStyle,2125.669184877446,NA,NA,NA,NA
ran_pars,item_id,sd__(Intercept),1009.5728148342142,NA,NA,NA,NA
ran_pars,Residual,sd__Observation,3335.1701018849344,NA,NA,NA,NA
fixed,NA,(Intercept),12362.236904080128,526.7713585309077,23.467936712726168,25.79582174921726,6.284565683398121e-19
fixed,NA,SpeechStyle,3138.4425291370976,618.0957450774981,5.0775993106757165,21.239328479415626,4.8307448627991646e-5
ran_pars,subj_id,sd__(Intercept),2314.3482361970523,NA,NA,NA,NA
ran_pars,subj_id,cor__(Intercept).SpeechStyle,0.4479323644317713,NA,NA,NA,NA
ran_pars,subj_id,sd__SpeechStyle,1988.7164894392447,NA,NA,NA,NA
ran_pars,item_id,sd__(Intercept),632.5382968936555,NA,NA,NA,NA
ran_pars,Residual,sd__Observation,3354.6355655417997,NA,NA,NA,NA
fixed,NA,(Intercept),11494.564383893712,505.0248119199149,22.760395356013678,30.541672282762285,1.0296699438432767e-20
fixed,NA,SpeechStyle,2144.893572937325,707.9558760492274,3.029699513064259,19.79310824167106,0.006671992835502061
ran_pars,subj_id,sd__(Intercept),1950.1492381969836,NA,NA,NA,NA
ran_pars,subj_id,cor__(Intercept).SpeechStyle,0.18849236209314738,NA,NA,NA,NA
ran_pars,subj_id,sd__SpeechStyle,1660.228574771696,NA,NA,NA,NA
ran_pars,item_id,sd__(Intercept),1071.0438741619434,NA,NA,NA,NA
ran_pars,Residual,sd__Observation,3091.7100353142873,NA,NA,NA,NA
fixed,NA,(Intercept),12797.4354772613,509.55975027103216,25.11469061371981,29.495720381964762,1.8359497353520036e-21
fixed,NA,SpeechStyle,5282.285828184262,707.9656316890876,7.461217878022711,22.75854509119248,1.484911055076029e-7
ran_pars,subj_id,sd__(Intercept),2065.8686495184043,NA,NA,NA,NA
ran_pars,subj_id,cor__(Intercept).SpeechStyle,0.1763548950577858,NA,NA,NA,NA
ran_pars,subj_id,sd__SpeechStyle,2043.0153721105328,NA,NA,NA,NA
ran_pars,item_id,sd__(Intercept),945.5531531528082,NA,NA,NA,NA
ran_pars,Residual,sd__Observation,3156.47376188493,NA,NA,NA,NA
fixed,NA,(Intercept),11210.334469376585,522.1745396330126,21.468558151562263,27.6242513626356,9.061403536454512e-19
fixed,NA,SpeechStyle,2215.842551501042,695.3822195433181,3.1865102230486477,23.88613886421729,0.003983425694237154
ran_pars,subj_id,sd__(Intercept),2222.4135616693993,NA,NA,NA,NA
ran_pars,subj_id,cor__(Intercept).SpeechStyle,0.6070892828491634,NA,NA,NA,NA
ran_pars,subj_id,sd__SpeechStyle,2277.2532845085657,NA,NA,NA,NA
ran_pars,item_id,sd__(Intercept),792.0729335641531,NA,NA,NA,NA
ran_pars,Residual,sd__Observation,3258.9535963883777,NA,NA,NA,NA
fixed,NA,(Intercept),11821.438518007175,486.61388064833613,24.293262046403147,26.596353022823358,1.092510311847454e-19
fixed,NA,SpeechStyle,1172.4132987857163,686.9726284621345,1.70663757216979,21.93304063768395,0.10201035984728106
ran_pars,subj_id,sd__(Intercept),2012.8407166622546,NA,NA,NA,NA
ran_pars,subj_id,cor__(Intercept).SpeechStyle,0.5390504996236709,NA,NA,NA,NA
ran_pars,subj_id,sd__SpeechStyle,2190.9654967974907,NA,NA,NA,NA
ran_pars,item_id,sd__(Intercept),745.7414552529111,NA,NA,NA,NA
ran_pars,Residual,sd__Observation,3571.689626770343,NA,NA,NA,NA
fixed,NA,(Intercept),12944.58336884836,394.40443779548275,32.82058244882309,25.15286781681998,3.5881333639200486e-22
fixed,NA,SpeechStyle,3378.3956338059984,525.699195223568,6.42648051300372,18.090167696883807,4.648979774518683e-6
ran_pars,subj_id,sd__(Intercept),1617.7138194830038,NA,NA,NA,NA
ran_pars,subj_id,cor__(Intercept).SpeechStyle,0.5568120595602593,NA,NA,NA,NA
ran_pars,subj_id,sd__SpeechStyle,1472.19456816282,NA,NA,NA,NA
ran_pars,item_id,sd__(Intercept),558.1114990839459,NA,NA,NA,NA
ran_pars,Residual,sd__Observation,3222.6349055532037,NA,NA,NA,NA
fixed,NA,(Intercept),12392.132347705498,458.1048024646146,27.05086757666703,29.06654321954187,3.6973271341604106e-22
fixed,NA,SpeechStyle,2802.815867721262,711.2698542042529,3.940580148524595,21.845456571362895,7.046210418383342e-4
ran_pars,subj_id,sd__(Intercept),1718.0890877426762,NA,NA,NA,NA
ran_pars,subj_id,cor__(Intercept).SpeechStyle,0.43747179701581385,NA,NA,NA,NA
ran_pars,subj_id,sd__SpeechStyle,1949.9935440215818,NA,NA,NA,NA
ran_pars,item_id,sd__(Intercept),981.3237853115527,NA,NA,NA,NA
ran_pars,Residual,sd__Observation,3200.7888281226524,NA,NA,NA,NA
fixed,NA,(Intercept),12669.213264022646,539.7819046851114,23.470985511108218,29.52071672230626,1.2014487867389624e-20
fixed,NA,SpeechStyle,2452.4482993241722,796.6528701663029,3.0784402983600856,18.797929310350515,0.006241202009202708
ran_pars,subj_id,sd__(Intercept),1989.7087707882106,NA,NA,NA,NA
ran_pars,subj_id,cor__(Intercept).SpeechStyle,0.5034816457271564,NA,NA,NA,NA
ran_pars,subj_id,sd__SpeechStyle,1759.6904896089857,NA,NA,NA,NA
ran_pars,item_id,sd__(Intercept),1212.2340615079374,NA,NA,NA,NA
ran_pars,Residual,sd__Observation,3643.163435565567,NA,NA,NA,NA
fixed,NA,(Intercept),13231.83401519565,477.84766942258807,27.690485612673317,28.418781147480125,4.16562306489754e-22
fixed,NA,SpeechStyle,3984.3602005019256,743.5344609884793,5.35867590481951,26.339425904459997,1.2558142985712121e-5
ran_pars,subj_id,sd__(Intercept),1969.1674919533093,NA,NA,NA,NA
ran_pars,subj_id,cor__(Intercept).SpeechStyle,0.6230913525101294,NA,NA,NA,NA
ran_pars,subj_id,sd__SpeechStyle,2618.8242363991635,NA,NA,NA,NA
ran_pars,item_id,sd__(Intercept),816.9859462651964,NA,NA,NA,NA
ran_pars,Residual,sd__Observation,3101.74613580004,NA,NA,NA,NA
fixed,NA,(Intercept),12416.084801480492,517.6355242735098,23.986152841627703,28.080003406918628,3.014114085247861e-20
fixed,NA,SpeechStyle,3045.2473908337497,619.2392100316368,4.9177237834764504,22.23796808965574,6.250617535099276e-5
ran_pars,subj_id,sd__(Intercept),2226.4243705392246,NA,NA,NA,NA
ran_pars,subj_id,cor__(Intercept).SpeechStyle,0.6578766962434566,NA,NA,NA,NA
ran_pars,subj_id,sd__SpeechStyle,1818.7818004551632,NA,NA,NA,NA
ran_pars,item_id,sd__(Intercept),786.4063473103622,NA,NA,NA,NA
ran_pars,Residual,sd__Observation,2955.940382056035,NA,NA,NA,NA
fixed,NA,(Intercept),12404.19411952541,450.7357249793076,27.51988234368346,26.713471613707085,3.880853823106531e-21
fixed,NA,SpeechStyle,3008.3015961711476,727.5110775161626,4.135059505130785,24.938941093208072,3.5139251141722884e-4
ran_pars,subj_id,sd__(Intercept),1857.3254485570728,NA,NA,NA,NA
ran_pars,subj_id,cor__(Intercept).SpeechStyle,0.44292870228762443,NA,NA,NA,NA
ran_pars,subj_id,sd__SpeechStyle,2645.2881724055233,NA,NA,NA,NA
ran_pars,item_id,sd__(Intercept),703.0507280837494,NA,NA,NA,NA
ran_pars,Residual,sd__Observation,3310.16939577805,NA,NA,NA,NA
fixed,NA,(Intercept),12569.063987546408,522.0758453754813,24.07516857729097,29.778939157371642,4.483361956560465e-21
fixed,NA,SpeechStyle,2998.7127102320424,836.9023427105632,3.583109470717692,26.522172731929338,0.0013435778784886881
ran_pars,subj_id,sd__(Intercept),2068.583534172067,NA,NA,NA,NA
ran_pars,subj_id,cor__(Intercept).SpeechStyle,0.6095397033692636,NA,NA,NA,NA
ran_pars,subj_id,sd__SpeechStyle,2785.6449920733435,NA,NA,NA,NA
ran_pars,item_id,sd__(Intercept),1026.610325189111,NA,NA,NA,NA
ran_pars,Residual,sd__Observation,3302.327766321066,NA,NA,NA,NA
fixed,NA,(Intercept),11682.606965115272,505.5792149221111,23.10737194153656,27.2988919912673,1.8539222858551178e-19
fixed,NA,SpeechStyle,3449.9689416420238,920.5651223242542,3.7476641879843324,22.62194384426791,0.0010734969899893123
ran_pars,subj_id,sd__(Intercept),1572.5745866125405,NA,NA,NA,NA
ran_pars,subj_id,cor__(Intercept).SpeechStyle,0.4762363729822009,NA,NA,NA,NA
ran_pars,subj_id,sd__SpeechStyle,2385.7774209918566,NA,NA,NA,NA
ran_pars,item_id,sd__(Intercept),1420.7415894144062,NA,NA,NA,NA
ran_pars,Residual,sd__Observation,3184.7069445659695,NA,NA,NA,NA
fixed,NA,(Intercept),12336.8514802344,427.8574298884973,28.834024182890715,27.451212097158106,4.577135661055494e-22
fixed,NA,SpeechStyle,2517.9268980256284,728.349462123906,3.4570313139014597,24.629337311921912,0.001995691121534232
ran_pars,subj_id,sd__(Intercept),1642.0548745306291,NA,NA,NA,NA
ran_pars,subj_id,cor__(Intercept).SpeechStyle,0.46565404274441696,NA,NA,NA,NA
ran_pars,subj_id,sd__SpeechStyle,2437.8796667333017,NA,NA,NA,NA
ran_pars,item_id,sd__(Intercept),822.9789471144618,NA,NA,NA,NA
ran_pars,Residual,sd__Observation,3301.397995755683,NA,NA,NA,NA
fixed,NA,(Intercept),12639.971219306655,449.8102027239004,28.100677002796314,28.493328913994496,2.541519986807748e-22
fixed,NA,SpeechStyle,2478.5173072966654,854.1956580811556,2.901580315760849,27.097147264381906,0.007288170399914377
ran_pars,subj_id,sd__(Intercept),1578.1042015931578,NA,NA,NA,NA
ran_pars,subj_id,cor__(Intercept).SpeechStyle,0.5635273419853809,NA,NA,NA,NA
ran_pars,subj_id,sd__SpeechStyle,2837.1908370116525,NA,NA,NA,NA
ran_pars,item_id,sd__(Intercept),1071.9245072170816,NA,NA,NA,NA
ran_pars,Residual,sd__Observation,3204.8841440366555,NA,NA,NA,NA
fixed,NA,(Intercept),12126.130704197538,404.32320321661206,29.99118182614191,27.8707527162888,9.348358559107077e-23
fixed,NA,SpeechStyle,2868.788432455017,654.7264579870777,4.381659542635496,21.44927286505978,2.4990620702095007e-4
ran_pars,subj_id,sd__(Intercept),1469.7000635949132,NA,NA,NA,NA
ran_pars,subj_id,cor__(Intercept).SpeechStyle,0.2567817665020657,NA,NA,NA,NA
ran_pars,subj_id,sd__SpeechStyle,1798.4044281935421,NA,NA,NA,NA
ran_pars,item_id,sd__(Intercept),884.0097549878925,NA,NA,NA,NA
ran_pars,Residual,sd__Observation,3075.6486574969267,NA,NA,NA,NA
fixed,NA,(Intercept),12047.164083848587,536.5782420203192,22.451831141137447,26.260454650835303,1.1483460123323682e-18
fixed,NA,SpeechStyle,3273.754321219038,662.9270388101139,4.938332772027358,25.064929186054243,4.342970533102014e-5
ran_pars,subj_id,sd__(Intercept),2392.1652578653557,NA,NA,NA,NA
ran_pars,subj_id,cor__(Intercept).SpeechStyle,0.7567836655421764,NA,NA,NA,NA
ran_pars,subj_id,sd__SpeechStyle,2407.736811381609,NA,NA,NA,NA
ran_pars,item_id,sd__(Intercept),646.3568144538851,NA,NA,NA,NA
ran_pars,Residual,sd__Observation,2995.646753824731,NA,NA,NA,NA
fixed,NA,(Intercept),12795.210491711823,416.0216682115625,30.756115532917345,25.521193169703455,1.0743975031957823e-21
fixed,NA,SpeechStyle,2208.611963939664,764.7797755601094,2.8879058187987785,23.698567560592757,0.008149290172022153
ran_pars,subj_id,sd__(Intercept),1507.7814302310553,NA,NA,NA,NA
ran_pars,subj_id,cor__(Intercept).SpeechStyle,0.34350346122218117,NA,NA,NA,NA
ran_pars,subj_id,sd__SpeechStyle,2552.611830942949,NA,NA,NA,NA
ran_pars,item_id,sd__(Intercept),833.0089045303134,NA,NA,NA,NA
ran_pars,Residual,sd__Observation,3665.004421775159,NA,NA,NA,NA
fixed,NA,(Intercept),13735.49768668458,601.663610554679,22.829197986598693,31.15678749646584,5.147793077633413e-21
fixed,NA,SpeechStyle,3663.8154999248545,880.1209678931783,4.1628544638531295,21.8345171986773,4.1077580320431317e-4
ran_pars,subj_id,sd__(Intercept),2309.751604912217,NA,NA,NA,NA
ran_pars,subj_id,cor__(Intercept).SpeechStyle,0.915197749405603,NA,NA,NA,NA
ran_pars,subj_id,sd__SpeechStyle,2275.655139751464,NA,NA,NA,NA
ran_pars,item_id,sd__(Intercept),1313.5435347730079,NA,NA,NA,NA
ran_pars,Residual,sd__Observation,3498.413362348287,NA,NA,NA,NA
fixed,NA,(Intercept),12195.190578396481,472.29152569007096,25.821319915867512,28.246675333654363,3.430206945911106e-21
fixed,NA,SpeechStyle,3742.5721615199304,724.5634288628868,5.165278859565735,23.7505246804127,2.8206656163051052e-5
ran_pars,subj_id,sd__(Intercept),1876.218152934013,NA,NA,NA,NA
ran_pars,subj_id,cor__(Intercept).SpeechStyle,0.21140237573384796,NA,NA,NA,NA
ran_pars,subj_id,sd__SpeechStyle,2294.9724933817083,NA,NA,NA,NA
ran_pars,item_id,sd__(Intercept),870.5640033792972,NA,NA,NA,NA
ran_pars,Residual,sd__Observation,3338.0371774057066,NA,NA,NA,NA
fixed,NA,(Intercept),12244.803744194402,525.8110100306006,23.287461674645783,32.15956821047382,1.0605304473030615e-21
fixed,NA,SpeechStyle,4375.449153981066,786.5965327678009,5.562507552105719,24.799458399254174,9.007004782458718e-6
ran_pars,subj_id,sd__(Intercept),2049.4045705087997,NA,NA,NA,NA
ran_pars,subj_id,cor__(Intercept).SpeechStyle,0.6990344632521577,NA,NA,NA,NA
ran_pars,subj_id,sd__SpeechStyle,2260.0977742838945,NA,NA,NA,NA
ran_pars,item_id,sd__(Intercept),1147.2006463467153,NA,NA,NA,NA
ran_pars,Residual,sd__Observation,2716.7338047756903,NA,NA,NA,NA
fixed,NA,(Intercept),12413.611410356285,550.2720595515178,22.559043649197115,30.511863602101357,1.3703354308401493e-20
fixed,NA,SpeechStyle,1781.4789926683518,791.4828152985631,2.2508119674036666,21.910011452140814,0.03476846131166721
ran_pars,subj_id,sd__(Intercept),2148.8311205778414,NA,NA,NA,NA
ran_pars,subj_id,cor__(Intercept).SpeechStyle,0.8054368621672348,NA,NA,NA,NA
ran_pars,subj_id,sd__SpeechStyle,2106.144646208152,NA,NA,NA,NA
ran_pars,item_id,sd__(Intercept),1141.071336695833,NA,NA,NA,NA
ran_pars,Residual,sd__Observation,3338.606345519917,NA,NA,NA,NA
fixed,NA,(Intercept),13729.873956816768,481.4173396760022,28.51969138888326,27.96202674379266,3.2514948595693614e-22
fixed,NA,SpeechStyle,3384.0771348938433,887.576064872335,3.812717882811085,25.151358349203665,7.93893588058459e-4
ran_pars,subj_id,sd__(Intercept),1635.120216769013,NA,NA,NA,NA
ran_pars,subj_id,cor__(Intercept).SpeechStyle,0.7796076612405421,NA,NA,NA,NA
ran_pars,subj_id,sd__SpeechStyle,2711.5029266552597,NA,NA,NA,NA
ran_pars,item_id,sd__(Intercept),1194.9414878542614,NA,NA,NA,NA
ran_pars,Residual,sd__Observation,3456.8375286032547,NA,NA,NA,NA
fixed,NA,(Intercept),12470.822260178573,534.9509669541599,23.312084715321586,29.20438651919084,2.0116832701985566e-20
fixed,NA,SpeechStyle,2148.8892167791596,836.0456704587967,2.5703012319888145,22.75861499261844,0.017188702195238003
ran_pars,subj_id,sd__(Intercept),2027.2247010922065,NA,NA,NA,NA
ran_pars,subj_id,cor__(Intercept).SpeechStyle,0.6883163920483761,NA,NA,NA,NA
ran_pars,subj_id,sd__SpeechStyle,2396.107909248868,NA,NA,NA,NA
ran_pars,item_id,sd__(Intercept),1128.0212741607318,NA,NA,NA,NA
ran_pars,Residual,sd__Observation,3687.498681604879,NA,NA,NA,NA
fixed,NA,(Intercept),11941.004797308058,439.9763994264324,27.1401029984216,28.34899355926033,7.844470347849884e-22
fixed,NA,SpeechStyle,2203.2409488371613,815.2300611596125,2.702600227601019,27.0585601280331,0.011737591903535266
ran_pars,subj_id,sd__(Intercept),1645.7854697856985,NA,NA,NA,NA
ran_pars,subj_id,cor__(Intercept).SpeechStyle,0.1076636935799967,NA,NA,NA,NA
ran_pars,subj_id,sd__SpeechStyle,2863.779711509697,NA,NA,NA,NA
ran_pars,item_id,sd__(Intercept),924.5317559974682,NA,NA,NA,NA
ran_pars,Residual,sd__Observation,3237.661637477388,NA,NA,NA,NA
fixed,NA,(Intercept),12869.913507329571,480.5899330267585,26.779407188733174,30.034451661563327,1.60994007081813e-22
fixed,NA,SpeechStyle,3011.846321866922,816.5494361166955,3.688504564023103,25.190643929444313,0.0010875398727186415
ran_pars,subj_id,sd__(Intercept),1750.483949303515,NA,NA,NA,NA
ran_pars,subj_id,cor__(Intercept).SpeechStyle,0.37931470079627105,NA,NA,NA,NA
ran_pars,subj_id,sd__SpeechStyle,2466.9913149942277,NA,NA,NA,NA
ran_pars,item_id,sd__(Intercept),1119.9371546952354,NA,NA,NA,NA
ran_pars,Residual,sd__Observation,3092.22898756324,NA,NA,NA,NA
fixed,NA,(Intercept),12637.690086794217,474.1493489993536,26.653395419533616,26.11234028094162,1.8230360560190113e-20
fixed,NA,SpeechStyle,2876.1138215070473,784.6714697819167,3.665373257812475,25.420419098391772,0.001141210094771975
ran_pars,subj_id,sd__(Intercept),2012.7347612916221,NA,NA,NA,NA
ran_pars,subj_id,cor__(Intercept).SpeechStyle,0.7228613145795559,NA,NA,NA,NA
ran_pars,subj_id,sd__SpeechStyle,3065.76880308588,NA,NA,NA,NA
ran_pars,item_id,sd__(Intercept),651.9838178706849,NA,NA,NA,NA
ran_pars,Residual,sd__Observation,3363.0865734840054,NA,NA,NA,NA
fixed,NA,(Intercept),11538.697009634476,490.9652798147062,23.50206314790582,27.828246462963364,6.791886095982957e-20
fixed,NA,SpeechStyle,915.662568764547,780.1632262163423,1.1736807606343524,25.287718964192088,0.2514590620396246
ran_pars,subj_id,sd__(Intercept),1990.23860841683,NA,NA,NA,NA
ran_pars,subj_id,cor__(Intercept).SpeechStyle,0.682411212340314,NA,NA,NA,NA
ran_pars,subj_id,sd__SpeechStyle,2703.9614879431406,NA,NA,NA,NA
ran_pars,item_id,sd__(Intercept),847.8105662911742,NA,NA,NA,NA
ran_pars,Residual,sd__Observation,3454.624473251795,NA,NA,NA,NA
fixed,NA,(Intercept),11815.759805432179,512.3142928880168,23.063498265536197,28.97509666930143,3.423601537794248e-20
fixed,NA,SpeechStyle,2584.919675271013,948.2066618239393,2.7261142315734697,27.50620879657285,0.011018641115093963
ran_pars,subj_id,sd__(Intercept),1896.8230875532931,NA,NA,NA,NA
ran_pars,subj_id,cor__(Intercept).SpeechStyle,0.7154217401916266,NA,NA,NA,NA
ran_pars,subj_id,sd__SpeechStyle,3282.2739885040623,NA,NA,NA,NA
ran_pars,item_id,sd__(Intercept),1121.7722222209889,NA,NA,NA,NA
ran_pars,Residual,sd__Observation,3608.180105130539,NA,NA,NA,NA
fixed,NA,(Intercept),11801.543228147495,635.3208163833896,18.575722570100325,28.91769453572413,1.2891751775032374e-17
fixed,NA,SpeechStyle,2309.261191491812,860.9999212142801,2.682068992799708,28.049755861295917,0.012123965590938566
ran_pars,subj_id,sd__(Intercept),2748.8573027829407,NA,NA,NA,NA
ran_pars,subj_id,cor__(Intercept).SpeechStyle,0.5059844895147886,NA,NA,NA,NA
ran_pars,subj_id,sd__SpeechStyle,3044.313192513386,NA,NA,NA,NA
ran_pars,item_id,sd__(Intercept),997.5773361792119,NA,NA,NA,NA
ran_pars,Residual,sd__Observation,3195.556089247913,NA,NA,NA,NA
fixed,NA,(Intercept),12219.698604054467,483.2074103618118,25.288723521240513,22.999576663314993,2.752427456509593e-18
fixed,NA,SpeechStyle,1989.305835682354,688.0998837922486,2.8910131836077535,22.999694672973536,0.008242052907531822
ran_pars,subj_id,sd__(Intercept),2162.957386582975,NA,NA,NA,NA
ran_pars,subj_id,cor__(Intercept).SpeechStyle,0.36503957642368456,NA,NA,NA,NA
ran_pars,subj_id,sd__SpeechStyle,2768.0518220131944,NA,NA,NA,NA
ran_pars,item_id,sd__(Intercept),0,NA,NA,NA,NA
ran_pars,Residual,sd__Observation,3847.827393450595,NA,NA,NA,NA
fixed,NA,(Intercept),12730.389380109145,467.8849305451423,27.208376566598776,30.473098604945513,6.132484347502656e-23
fixed,NA,SpeechStyle,3786.1352114175575,732.0883997686655,5.1716913047849795,26.30411204603128,2.067753220977528e-5
ran_pars,subj_id,sd__(Intercept),1849.8613922472466,NA,NA,NA,NA
ran_pars,subj_id,cor__(Intercept).SpeechStyle,0.6910701396933814,NA,NA,NA,NA
ran_pars,subj_id,sd__SpeechStyle,2352.6294425024516,NA,NA,NA,NA
ran_pars,item_id,sd__(Intercept),945.8559072052321,NA,NA,NA,NA
ran_pars,Residual,sd__Observation,2800.1118012826696,NA,NA,NA,NA
fixed,NA,(Intercept),12715.921207838308,626.8864274550693,20.28425030584937,31.478271846601487,1.2327931430452793e-19
fixed,NA,SpeechStyle,4052.701665637869,915.4413514141316,4.42704675660264,22.889156006527827,1.9608319950656692e-4
ran_pars,subj_id,sd__(Intercept),2435.915988052289,NA,NA,NA,NA
ran_pars,subj_id,cor__(Intercept).SpeechStyle,0.26436524695652386,NA,NA,NA,NA
ran_pars,subj_id,sd__SpeechStyle,2474.0296504813023,NA,NA,NA,NA
ran_pars,item_id,sd__(Intercept),1350.143277224852,NA,NA,NA,NA
ran_pars,Residual,sd__Observation,3495.508491433411,NA,NA,NA,NA
fixed,NA,(Intercept),12987.3837693711,537.8713372469059,24.14589302312894,30.15179479695992,2.7897353829410905e-21
fixed,NA,SpeechStyle,3405.084721469614,844.9030757006311,4.030148332275825,22.14938896026207,5.543210079232964e-4
ran_pars,subj_id,sd__(Intercept),1980.189407173644,NA,NA,NA,NA
ran_pars,subj_id,cor__(Intercept).SpeechStyle,0.6385276981927149,NA,NA,NA,NA
ran_pars,subj_id,sd__SpeechStyle,2245.8704520879696,NA,NA,NA,NA
ran_pars,item_id,sd__(Intercept),1233.3632909499267,NA,NA,NA,NA
ran_pars,Residual,sd__Observation,3441.874398372218,NA,NA,NA,NA
fixed,NA,(Intercept),13234.216840869989,484.1882484699818,27.332792323418957,30.679497573874126,4.2286025684506086e-23
fixed,NA,SpeechStyle,3604.8754698707244,865.0368602643007,4.167308510725545,27.798172680323106,2.709841862688716e-4
ran_pars,subj_id,sd__(Intercept),1769.4029985748648,NA,NA,NA,NA
ran_pars,subj_id,cor__(Intercept).SpeechStyle,0.2625277129583898,NA,NA,NA,NA
ran_pars,subj_id,sd__SpeechStyle,2824.1822534015087,NA,NA,NA,NA
ran_pars,item_id,sd__(Intercept),1141.656797135769,NA,NA,NA,NA
ran_pars,Residual,sd__Observation,2941.185893938802,NA,NA,NA,NA
fixed,NA,(Intercept),12698.286078577949,548.6027174270749,23.14659711882655,30.84582290922897,4.669766096642925e-21
fixed,NA,SpeechStyle,4651.371155263823,779.2458780185727,5.969067384855594,19.016102461425746,9.555521451497795e-6
ran_pars,subj_id,sd__(Intercept),2073.146280948474,NA,NA,NA,NA
ran_pars,subj_id,cor__(Intercept).SpeechStyle,0.7993034893436446,NA,NA,NA,NA
ran_pars,subj_id,sd__SpeechStyle,1694.8412728315077,NA,NA,NA,NA
ran_pars,item_id,sd__(Intercept),1222.5692879473547,NA,NA,NA,NA
ran_pars,Residual,sd__Observation,3306.259759141011,NA,NA,NA,NA
fixed,NA,(Intercept),12044.398124553589,530.2153894932059,22.716047785911964,29.745973519856978,2.3976861560170557e-20
fixed,NA,SpeechStyle,2324.451022072955,862.9818214103208,2.693510992241112,26.081578493576824,0.012196425297730941
ran_pars,subj_id,sd__(Intercept),2063.89007875504,NA,NA,NA,NA
ran_pars,subj_id,cor__(Intercept).SpeechStyle,0.28086127873271505,NA,NA,NA,NA
ran_pars,subj_id,sd__SpeechStyle,2814.9510685346863,NA,NA,NA,NA
ran_pars,item_id,sd__(Intercept),1079.3717668852453,NA,NA,NA,NA
ran_pars,Residual,sd__Observation,3440.6354023021236,NA,NA,NA,NA
fixed,NA,(Intercept),12598.723519125071,452.31954407984045,27.85359086075933,23.180770809949916,2.5192689974594227e-19
fixed,NA,SpeechStyle,4185.958664743804,454.3076256153197,9.213930008492133,13.439965967421386,3.5402370170708094e-7
ran_pars,subj_id,sd__(Intercept),1992.6735628419567,NA,NA,NA,NA
ran_pars,subj_id,cor__(Intercept).SpeechStyle,0.42751503227381576,NA,NA,NA,NA
ran_pars,subj_id,sd__SpeechStyle,1093.4151292978358,NA,NA,NA,NA
ran_pars,item_id,sd__(Intercept),340.74192618141217,NA,NA,NA,NA
ran_pars,Residual,sd__Observation,3499.3159572060317,NA,NA,NA,NA
fixed,NA,(Intercept),12074.868432555964,514.0775684304921,23.488417262440027,27.673810954399855,8.124403631581668e-20
fixed,NA,SpeechStyle,2285.517148096831,660.0069617536982,3.4628682431227777,20.244946111332133,0.002423997468417776
ran_pars,subj_id,sd__(Intercept),2134.993343855745,NA,NA,NA,NA
ran_pars,subj_id,cor__(Intercept).SpeechStyle,0.6125935457476226,NA,NA,NA,NA
ran_pars,subj_id,sd__SpeechStyle,1821.2455111452227,NA,NA,NA,NA
ran_pars,item_id,sd__(Intercept),830.9700773557582,NA,NA,NA,NA
ran_pars,Residual,sd__Observation,3460.992759824784,NA,NA,NA,NA
fixed,NA,(Intercept),11703.535310859688,459.44869145749016,25.4729973737286,27.152830708498822,1.7164157304465806e-20
fixed,NA,SpeechStyle,2611.5810008856847,665.2120082134571,3.92593784934752,24.35595429301039,6.21866759753795e-4
ran_pars,subj_id,sd__(Intercept),1931.1966609337378,NA,NA,NA,NA
ran_pars,subj_id,cor__(Intercept).SpeechStyle,0.4828158752067338,NA,NA,NA,NA
ran_pars,subj_id,sd__SpeechStyle,2296.3695142218758,NA,NA,NA,NA
ran_pars,item_id,sd__(Intercept),698.9011312280481,NA,NA,NA,NA
ran_pars,Residual,sd__Observation,3108.7481002322634,NA,NA,NA,NA
fixed,NA,(Intercept),11715.708711658843,457.1101883984643,25.62994439635247,26.530961070424986,3.000461876746618e-20
fixed,NA,SpeechStyle,4755.138751364713,754.6819554713046,6.300851261767738,16.456302050990963,9.267835534657061e-6
ran_pars,subj_id,sd__(Intercept),1395.4611109572757,NA,NA,NA,NA
ran_pars,subj_id,cor__(Intercept).SpeechStyle,0.10751894389615599,NA,NA,NA,NA
ran_pars,subj_id,sd__SpeechStyle,1182.85662964496,NA,NA,NA,NA
ran_pars,item_id,sd__(Intercept),1291.2295852806647,NA,NA,NA,NA
ran_pars,Residual,sd__Observation,3010.8361869861633,NA,NA,NA,NA
fixed,NA,(Intercept),13017.971821252873,396.330085633392,32.84628720640347,26.118389335727574,9.004629534312835e-23
fixed,NA,SpeechStyle,3918.6099039272394,618.4790647242488,6.3358812406598854,24.364621461409946,1.4003928376663004e-6
ran_pars,subj_id,sd__(Intercept),1664.447817095878,NA,NA,NA,NA
ran_pars,subj_id,cor__(Intercept).SpeechStyle,0.3121341998563717,NA,NA,NA,NA
ran_pars,subj_id,sd__SpeechStyle,2276.5094106304127,NA,NA,NA,NA
ran_pars,item_id,sd__(Intercept),562.9021643974363,NA,NA,NA,NA
ran_pars,Residual,sd__Observation,2896.0278363742314,NA,NA,NA,NA
fixed,NA,(Intercept),12761.270495119032,502.97800848334384,25.371428332619878,27.307271181268796,1.5975528310103877e-20
fixed,NA,SpeechStyle,3411.6881726481374,921.9888736499066,3.70035720620161,22.96967861144096,0.0011822232163761167
ran_pars,subj_id,sd__(Intercept),1562.3808244103645,NA,NA,NA,NA
ran_pars,subj_id,cor__(Intercept).SpeechStyle,0.3612846804779454,NA,NA,NA,NA
ran_pars,subj_id,sd__SpeechStyle,2424.64817312669,NA,NA,NA,NA
ran_pars,item_id,sd__(Intercept),1416.8131067971844,NA,NA,NA,NA
ran_pars,Residual,sd__Observation,3148.6178264252703,NA,NA,NA,NA
fixed,NA,(Intercept),12254.161557141148,485.54567845715695,25.237917050521986,27.482398862930488,1.5047264992809206e-20
fixed,NA,SpeechStyle,2282.4329492115817,782.6619801564262,2.9162435471254202,24.731567655948847,0.007426085342609472
ran_pars,subj_id,sd__(Intercept),1945.1885461568281,NA,NA,NA,NA
ran_pars,subj_id,cor__(Intercept).SpeechStyle,0.5621119502792713,NA,NA,NA,NA
ran_pars,subj_id,sd__SpeechStyle,2684.0317362891788,NA,NA,NA,NA
ran_pars,item_id,sd__(Intercept),847.8037587041541,NA,NA,NA,NA
ran_pars,Residual,sd__Observation,3569.190924191165,NA,NA,NA,NA
fixed,NA,(Intercept),12426.511350287761,576.287077240944,21.56305744314352,31.51107505221998,1.9787385298102714e-20
fixed,NA,SpeechStyle,3821.028148024396,913.1962910869513,4.1842352901765905,24.6430611624551,3.158860141036439e-4
ran_pars,subj_id,sd__(Intercept),2167.201975371608,NA,NA,NA,NA
ran_pars,subj_id,cor__(Intercept).SpeechStyle,0.5480450866607102,NA,NA,NA,NA
ran_pars,subj_id,sd__SpeechStyle,2630.4114574769123,NA,NA,NA,NA
ran_pars,item_id,sd__(Intercept),1319.1892070948584,NA,NA,NA,NA
ran_pars,Residual,sd__Observation,3257.995558621825,NA,NA,NA,NA
fixed,NA,(Intercept),12252.248838274723,554.0377853688977,22.114464323253237,30.65585230882195,2.1171713311199915e-20
fixed,NA,SpeechStyle,3647.8193242300604,793.0849929876239,4.599531395101035,23.756099001971116,1.1757887913605641e-4
ran_pars,subj_id,sd__(Intercept),2214.8398690292934,NA,NA,NA,NA
ran_pars,subj_id,cor__(Intercept).SpeechStyle,0.5632462295652455,NA,NA,NA,NA
ran_pars,subj_id,sd__SpeechStyle,2291.2264482231926,NA,NA,NA,NA
ran_pars,item_id,sd__(Intercept),1102.4201716985378,NA,NA,NA,NA
ran_pars,Residual,sd__Observation,3196.1922968480576,NA,NA,NA,NA
fixed,NA,(Intercept),13243.45377379356,381.58319688945534,34.706595787628956,27.003104592705963,6.1248451910918585e-24
fixed,NA,SpeechStyle,4787.984399087111,908.5067539710794,5.2701692950094765,28.719409004734853,1.2312769749694435e-5
ran_pars,subj_id,sd__(Intercept),1361.57774718171,NA,NA,NA,NA
ran_pars,subj_id,cor__(Intercept).SpeechStyle,0.5647157956799959,NA,NA,NA,NA
ran_pars,subj_id,sd__SpeechStyle,3639.5952665788436,NA,NA,NA,NA
ran_pars,item_id,sd__(Intercept),838.3717906738161,NA,NA,NA,NA
ran_pars,Residual,sd__Observation,3062.92100281855,NA,NA,NA,NA
fixed,NA,(Intercept),12632.257007848848,425.19921557259175,29.709031778992586,29.762484485690344,1.1144772052818193e-23
fixed,NA,SpeechStyle,2438.208125018292,818.7244543654168,2.978057039847572,29.391890912683976,0.0057629693664585134
ran_pars,subj_id,sd__(Intercept),1627.6931450625264,NA,NA,NA,NA
ran_pars,subj_id,cor__(Intercept).SpeechStyle,0.5984380538118005,NA,NA,NA,NA
ran_pars,subj_id,sd__SpeechStyle,3054.294299751801,NA,NA,NA,NA
ran_pars,item_id,sd__(Intercept),895.1207515117028,NA,NA,NA,NA
ran_pars,Residual,sd__Observation,2793.7594341711356,NA,NA,NA,NA
fixed,NA,(Intercept),13289.487741953802,557.021469694085,23.858124803075114,29.62483199393614,6.806184725810762e-21
fixed,NA,SpeechStyle,3743.8950100881357,867.2410395666215,4.317017806213413,26.22739622390817,2.0055746933173797e-4
ran_pars,subj_id,sd__(Intercept),2236.228539591836,NA,NA,NA,NA
ran_pars,subj_id,cor__(Intercept).SpeechStyle,0.8103250466446957,NA,NA,NA,NA
ran_pars,subj_id,sd__SpeechStyle,2875.2809815618252,NA,NA,NA,NA
ran_pars,item_id,sd__(Intercept),1060.2498366628336,NA,NA,NA,NA
ran_pars,Residual,sd__Observation,3486.2871236969722,NA,NA,NA,NA
fixed,NA,(Intercept),12090.28105284057,488.56400835049936,24.746565130043134,27.497007818473257,2.4860199529579374e-20
fixed,NA,SpeechStyle,2787.919283257586,752.776064137556,3.7035174417396792,26.935484470808827,9.670507963138771e-4
ran_pars,subj_id,sd__(Intercept),2090.3647192493954,NA,NA,NA,NA
ran_pars,subj_id,cor__(Intercept).SpeechStyle,0.7831048784728805,NA,NA,NA,NA
ran_pars,subj_id,sd__SpeechStyle,2857.2577831067497,NA,NA,NA,NA
ran_pars,item_id,sd__(Intercept),725.597348635487,NA,NA,NA,NA
ran_pars,Residual,sd__Observation,3018.1134190199905,NA,NA,NA,NA
fixed,NA,(Intercept),13506.437771489855,605.8723673734736,22.292546250362623,26.604401588124883,9.60850299168854e-19
fixed,NA,SpeechStyle,4249.302475370687,835.2338739854613,5.087560032849737,26.36441851327752,2.568070442209834e-5
ran_pars,subj_id,sd__(Intercept),2677.7095755481105,NA,NA,NA,NA
ran_pars,subj_id,cor__(Intercept).SpeechStyle,0.7613349635500574,NA,NA,NA,NA
ran_pars,subj_id,sd__SpeechStyle,3191.156845645101,NA,NA,NA,NA
ran_pars,item_id,sd__(Intercept),772.5525142568248,NA,NA,NA,NA
ran_pars,Residual,sd__Observation,3451.5322074993924,NA,NA,NA,NA
fixed,NA,(Intercept),12617.862979043512,411.43540697707533,30.66790744080653,27.53162493636363,7.96250777021599e-23
fixed,NA,SpeechStyle,4864.346033174062,531.5354723340695,9.151498416114785,16.626326724140185,6.739204491351564e-8
ran_pars,subj_id,sd__(Intercept),1635.7065785681225,NA,NA,NA,NA
ran_pars,subj_id,cor__(Intercept).SpeechStyle,0.4340759761720479,NA,NA,NA,NA
ran_pars,subj_id,sd__SpeechStyle,1109.9864909485348,NA,NA,NA,NA
ran_pars,item_id,sd__(Intercept),733.2105557237982,NA,NA,NA,NA
ran_pars,Residual,sd__Observation,3048.3193245777866,NA,NA,NA,NA
fixed,NA,(Intercept),12958.617889290095,581.1817229887502,22.29701550601056,32.16594237836296,3.940508106635863e-21
fixed,NA,SpeechStyle,2006.3272145562325,862.7857236053453,2.325406134645275,24.33430169932214,0.028700562117544667
ran_pars,subj_id,sd__(Intercept),2262.7506673291105,NA,NA,NA,NA
ran_pars,subj_id,cor__(Intercept).SpeechStyle,0.6910442952837719,NA,NA,NA,NA
ran_pars,subj_id,sd__SpeechStyle,2433.025382829682,NA,NA,NA,NA
ran_pars,item_id,sd__(Intercept),1270.6715104956556,NA,NA,NA,NA
ran_pars,Residual,sd__Observation,3005.5494523081384,NA,NA,NA,NA
fixed,NA,(Intercept),12201.563626777044,450.5624598419338,27.080737332305922,29.778437676220303,1.566448239411265e-22
fixed,NA,SpeechStyle,2975.103558786044,782.1170366024062,3.803910948814244,27.768506051166796,7.163711916674464e-4
ran_pars,subj_id,sd__(Intercept),1746.6687321729737,NA,NA,NA,NA
ran_pars,subj_id,cor__(Intercept).SpeechStyle,0.6780988441477406,NA,NA,NA,NA
ran_pars,subj_id,sd__SpeechStyle,2719.51266837394,NA,NA,NA,NA
ran_pars,item_id,sd__(Intercept),925.7262878988166,NA,NA,NA,NA
ran_pars,Residual,sd__Observation,2928.074657901752,NA,NA,NA,NA
fixed,NA,(Intercept),11143.576153977587,419.3763170707467,26.57178219269287,28.361471511027485,1.3780956274120913e-21
fixed,NA,SpeechStyle,2724.4828096878823,628.2648839531939,4.3365193237361614,22.7485278878389,2.4856114812267445e-4
ran_pars,subj_id,sd__(Intercept),1657.4413643142034,NA,NA,NA,NA
ran_pars,subj_id,cor__(Intercept).SpeechStyle,0.09637577370211152,NA,NA,NA,NA
ran_pars,subj_id,sd__SpeechStyle,1891.4296972568336,NA,NA,NA,NA
ran_pars,item_id,sd__(Intercept),785.6251916756969,NA,NA,NA,NA
ran_pars,Residual,sd__Observation,2961.387779654213,NA,NA,NA,NA
fixed,NA,(Intercept),12519.339574163,508.3462546374322,24.62758299083401,28.535828152486275,9.01333160792738e-21
fixed,NA,SpeechStyle,2829.5996773820784,862.3128067006899,3.2814074607200365,26.412244258578117,0.0029038117391726867
ran_pars,subj_id,sd__(Intercept),2000.6484267531478,NA,NA,NA,NA
ran_pars,subj_id,cor__(Intercept).SpeechStyle,0.36053106570140425,NA,NA,NA,NA
ran_pars,subj_id,sd__SpeechStyle,3008.0641193805886,NA,NA,NA,NA
ran_pars,item_id,sd__(Intercept),967.8195392886192,NA,NA,NA,NA
ran_pars,Residual,sd__Observation,3565.11056115934,NA,NA,NA,NA
fixed,NA,(Intercept),12298.815235650562,561.7987271289765,21.891853152645233,29.521395663441815,8.421159357788626e-20
fixed,NA,SpeechStyle,4382.387049661129,950.1603146397698,4.61226067026658,22.24131203975792,1.3193736171846447e-4
ran_pars,subj_id,sd__(Intercept),1911.701444696874,NA,NA,NA,NA
ran_pars,subj_id,cor__(Intercept).SpeechStyle,0.49504050949528516,NA,NA,NA,NA
ran_pars,subj_id,sd__SpeechStyle,2446.7143024590814,NA,NA,NA,NA
ran_pars,item_id,sd__(Intercept),1453.4264318893268,NA,NA,NA,NA
ran_pars,Residual,sd__Observation,3467.684950538185,NA,NA,NA,NA
fixed,NA,(Intercept),12332.178387504058,612.7471296039853,20.126048400217346,31.442398071550656,1.599489024608866e-19
fixed,NA,SpeechStyle,3256.9976909498246,1094.4437644160823,2.975938825589205,28.48748962985382,0.00590047703163565
ran_pars,subj_id,sd__(Intercept),2240.775427186373,NA,NA,NA,NA
ran_pars,subj_id,cor__(Intercept).SpeechStyle,0.7159518461290675,NA,NA,NA,NA
ran_pars,subj_id,sd__SpeechStyle,3575.9755926390794,NA,NA,NA,NA
ran_pars,item_id,sd__(Intercept),1471.6869247701443,NA,NA,NA,NA
ran_pars,Residual,sd__Observation,3443.6003350418127,NA,NA,NA,NA
fixed,NA,(Intercept),11959.909633560108,505.24962174997654,23.671288643692414,27.40493497180579,8.828712988551217e-20
fixed,NA,SpeechStyle,2730.337628653876,739.364650741393,3.6928160223998376,23.528621635359688,0.001168814720693516
ran_pars,subj_id,sd__(Intercept),2078.82739317114,NA,NA,NA,NA
ran_pars,subj_id,cor__(Intercept).SpeechStyle,0.5286487210016397,NA,NA,NA,NA
ran_pars,subj_id,sd__SpeechStyle,2428.852835814048,NA,NA,NA,NA
ran_pars,item_id,sd__(Intercept),823.5735801980925,NA,NA,NA,NA
ran_pars,Residual,sd__Observation,3550.141029502289,NA,NA,NA,NA
fixed,NA,(Intercept),12151.347135886363,524.4345851574494,23.170377163890134,29.165087879151432,2.4804716021608613e-20
fixed,NA,SpeechStyle,3393.134010935505,836.4672537410615,4.056505494697932,23.843682148279328,4.6150290550232294e-4
ran_pars,subj_id,sd__(Intercept),1999.25250741796,NA,NA,NA,NA
ran_pars,subj_id,cor__(Intercept).SpeechStyle,0.1908472690891843,NA,NA,NA,NA
ran_pars,subj_id,sd__SpeechStyle,2525.324667666539,NA,NA,NA,NA
ran_pars,item_id,sd__(Intercept),1091.4054328804725,NA,NA,NA,NA
ran_pars,Residual,sd__Observation,3615.521875080001,NA,NA,NA,NA
fixed,NA,(Intercept),11812.990240890816,487.79517294268487,24.217111804586928,29.67122413085495,4.251469241453515e-21
fixed,NA,SpeechStyle,2754.3677659298855,855.0457283475208,3.221310480379844,27.597386853086192,0.0032619534655226896
ran_pars,subj_id,sd__(Intercept),1871.5796630755108,NA,NA,NA,NA
ran_pars,subj_id,cor__(Intercept).SpeechStyle,0.5493077399384559,NA,NA,NA,NA
ran_pars,subj_id,sd__SpeechStyle,2952.131760420907,NA,NA,NA,NA
ran_pars,item_id,sd__(Intercept),1019.3013827804535,NA,NA,NA,NA
ran_pars,Residual,sd__Observation,3223.3789457980392,NA,NA,NA,NA
fixed,NA,(Intercept),11704.924278265913,489.6204854395051,23.906116321417908,30.05595169913609,4.10362557066616e-21
fixed,NA,SpeechStyle,2902.221872670055,855.5856754283373,3.392087965027111,26.963199971668768,0.002156017761894011
ran_pars,subj_id,sd__(Intercept),1820.5243259074764,NA,NA,NA,NA
ran_pars,subj_id,cor__(Intercept).SpeechStyle,0.5010289929992404,NA,NA,NA,NA
ran_pars,subj_id,sd__SpeechStyle,2794.99025752969,NA,NA,NA,NA
ran_pars,item_id,sd__(Intercept),1099.3252991148229,NA,NA,NA,NA
ran_pars,Residual,sd__Observation,3165.8029835267134,NA,NA,NA,NA
fixed,NA,(Intercept),12587.584433056381,480.74291203910144,26.183608988981963,28.127180969485934,2.696665858768195e-21
fixed,NA,SpeechStyle,2968.1294626977337,810.9558485426468,3.6600382968218335,24.658578879979107,0.0011987247465443465
ran_pars,subj_id,sd__(Intercept),1823.088024638603,NA,NA,NA,NA
ran_pars,subj_id,cor__(Intercept).SpeechStyle,0.5325126333778993,NA,NA,NA,NA
ran_pars,subj_id,sd__SpeechStyle,2625.1219673560095,NA,NA,NA,NA
ran_pars,item_id,sd__(Intercept),974.478315439133,NA,NA,NA,NA
ran_pars,Residual,sd__Observation,3574.729109619917,NA,NA,NA,NA
fixed,NA,(Intercept),12016.948302166564,593.5778035579442,20.244942162823794,30.766026123714614,2.4344174949850636e-19
fixed,NA,SpeechStyle,2949.118461281987,870.2837777946144,3.38868600855154,23.306968125287526,0.002494089529162493
ran_pars,subj_id,sd__(Intercept),2327.386169598358,NA,NA,NA,NA
ran_pars,subj_id,cor__(Intercept).SpeechStyle,0.3112191702867459,NA,NA,NA,NA
ran_pars,subj_id,sd__SpeechStyle,2453.616834595357,NA,NA,NA,NA
ran_pars,item_id,sd__(Intercept),1230.7966835598384,NA,NA,NA,NA
ran_pars,Residual,sd__Observation,3503.172313682626,NA,NA,NA,NA
fixed,NA,(Intercept),12299.286488068805,474.83873852087265,25.902028394695016,24.70017526595289,2.0179457112864745e-19
fixed,NA,SpeechStyle,2261.5995446141956,560.7070783079263,4.033477785654387,19.94626686833104,6.535029111776922e-4
ran_pars,subj_id,sd__(Intercept),2092.5890008687506,NA,NA,NA,NA
ran_pars,subj_id,cor__(Intercept).SpeechStyle,0.366066143450972,NA,NA,NA,NA
ran_pars,subj_id,sd__SpeechStyle,1848.1985068084857,NA,NA,NA,NA
ran_pars,item_id,sd__(Intercept),492.0485641557205,NA,NA,NA,NA
ran_pars,Residual,sd__Observation,3272.2529281553457,NA,NA,NA,NA
fixed,NA,(Intercept),13070.815940894629,470.46007780497547,27.78305016204373,29.196433663320462,1.4986240972276147e-22
fixed,NA,SpeechStyle,4123.96944856109,806.9166230105664,5.110775179193561,26.667298663088292,2.3399044893389364e-5
ran_pars,subj_id,sd__(Intercept),1811.6570165833352,NA,NA,NA,NA
ran_pars,subj_id,cor__(Intercept).SpeechStyle,0.6459585723356919,NA,NA,NA,NA
ran_pars,subj_id,sd__SpeechStyle,2739.9294365234605,NA,NA,NA,NA
ran_pars,item_id,sd__(Intercept),960.5332869176202,NA,NA,NA,NA
ran_pars,Residual,sd__Observation,3214.8331135474723,NA,NA,NA,NA
fixed,NA,(Intercept),12580.434832505101,406.6056237172288,30.94013977842589,25.188024318236895,1.457292265344719e-21
fixed,NA,SpeechStyle,1657.2791500602589,811.3834601601537,2.042535042226692,25.127299112806682,0.05172360477342951
ran_pars,subj_id,sd__(Intercept),1366.222459431413,NA,NA,NA,NA
ran_pars,subj_id,cor__(Intercept).SpeechStyle,0.391580540501031,NA,NA,NA,NA
ran_pars,subj_id,sd__SpeechStyle,2719.372962622206,NA,NA,NA,NA
ran_pars,item_id,sd__(Intercept),933.6415247147098,NA,NA,NA,NA
ran_pars,Residual,sd__Observation,3563.7769718346885,NA,NA,NA,NA
fixed,NA,(Intercept),13668.694719661878,538.6960366253445,25.373668618928903,28.410313169858004,4.587953856383041e-21
fixed,NA,SpeechStyle,3476.662241403929,793.7682013308452,4.37994648258131,27.496819528454363,1.5566202900184345e-4
ran_pars,subj_id,sd__(Intercept),2298.1154057168606,NA,NA,NA,NA
ran_pars,subj_id,cor__(Intercept).SpeechStyle,0.3563911784862425,NA,NA,NA,NA
ran_pars,subj_id,sd__SpeechStyle,2896.2735268870397,NA,NA,NA,NA
ran_pars,item_id,sd__(Intercept),849.8866796597032,NA,NA,NA,NA
ran_pars,Residual,sd__Observation,3097.9905916780776,NA,NA,NA,NA
fixed,NA,(Intercept),12278.390282178536,552.9125814113695,22.206747856662275,27.68884867682911,3.505243015229423e-19
fixed,NA,SpeechStyle,3921.374605989979,828.5327503142847,4.732914425534171,27.897268016805643,5.802912424324079e-5
ran_pars,subj_id,sd__(Intercept),2405.797976387192,NA,NA,NA,NA
ran_pars,subj_id,cor__(Intercept).SpeechStyle,0.7484869777458726,NA,NA,NA,NA
ran_pars,subj_id,sd__SpeechStyle,3205.973966742204,NA,NA,NA,NA
ran_pars,item_id,sd__(Intercept),797.3759241802413,NA,NA,NA,NA
ran_pars,Residual,sd__Observation,3086.7958649953475,NA,NA,NA,NA
fixed,NA,(Intercept),12156.018526167807,460.0310621221755,26.424342891305457,27.715014676537127,3.4028986914425074e-21
fixed,NA,SpeechStyle,2629.4193533605903,770.6960337353817,3.411746315361733,26.41412699356014,0.0020899261953874833
ran_pars,subj_id,sd__(Intercept),1877.3853594506077,NA,NA,NA,NA
ran_pars,subj_id,cor__(Intercept).SpeechStyle,0.39449143999301794,NA,NA,NA,NA
ran_pars,subj_id,sd__SpeechStyle,2835.0126430462474,NA,NA,NA,NA
ran_pars,item_id,sd__(Intercept),777.4741186313277,NA,NA,NA,NA
ran_pars,Residual,sd__Observation,3219.4684759377697,NA,NA,NA,NA
fixed,NA,(Intercept),12934.053144361767,515.0864227995594,25.11045248302909,30.245212806853257,8.1720236339915e-22
fixed,NA,SpeechStyle,3506.2555328715093,777.2150803904823,4.5113066142642575,22.007928306814684,1.728936883552775e-4
ran_pars,subj_id,sd__(Intercept),1954.9353533830163,NA,NA,NA,NA
ran_pars,subj_id,cor__(Intercept).SpeechStyle,0.33304923090319344,NA,NA,NA,NA
ran_pars,subj_id,sd__SpeechStyle,2077.128183012651,NA,NA,NA,NA
ran_pars,item_id,sd__(Intercept),1118.974833357364,NA,NA,NA,NA
ran_pars,Residual,sd__Observation,3268.2895793885396,NA,NA,NA,NA
fixed,NA,(Intercept),12680.150784726524,451.2668796548233,28.09900605696045,25.275250738849067,1.3816610432907386e-20
fixed,NA,SpeechStyle,2657.6403048516154,841.868269927532,3.1568362887466765,22.32363837100463,0.004518776906656599
ran_pars,subj_id,sd__(Intercept),1373.909996331887,NA,NA,NA,NA
ran_pars,subj_id,cor__(Intercept).SpeechStyle,1,NA,NA,NA,NA
ran_pars,subj_id,sd__SpeechStyle,2238.4625628531035,NA,NA,NA,NA
ran_pars,item_id,sd__(Intercept),1218.2485114789342,NA,NA,NA,NA
ran_pars,Residual,sd__Observation,3518.1365261967176,NA,NA,NA,NA
fixed,NA,(Intercept),12278.696680349512,537.5135732301359,22.843509990941943,24.831675013924247,3.455667543372542e-18
fixed,NA,SpeechStyle,3532.0921652862107,764.2055954484874,4.621913509038547,22.824046590491935,1.2152018626928606e-4
ran_pars,subj_id,sd__(Intercept),2341.0119457984865,NA,NA,NA,NA
ran_pars,subj_id,cor__(Intercept).SpeechStyle,0.39067763609101563,NA,NA,NA,NA
ran_pars,subj_id,sd__SpeechStyle,2863.772260010057,NA,NA,NA,NA
ran_pars,item_id,sd__(Intercept),594.8733125033808,NA,NA,NA,NA
ran_pars,Residual,sd__Observation,3842.81537728738,NA,NA,NA,NA
fixed,NA,(Intercept),13494.193357599448,479.955649034446,28.11550063999972,26.605915288689445,2.5508838151400432e-21
fixed,NA,SpeechStyle,3201.788036054028,886.9903180325562,3.609721516640624,22.93600597551683,0.001479348370015446
ran_pars,subj_id,sd__(Intercept),1494.990767868058,NA,NA,NA,NA
ran_pars,subj_id,cor__(Intercept).SpeechStyle,0.6426631018837945,NA,NA,NA,NA
ran_pars,subj_id,sd__SpeechStyle,2389.0836241118577,NA,NA,NA,NA
ran_pars,item_id,sd__(Intercept),1316.9759252995354,NA,NA,NA,NA
ran_pars,Residual,sd__Observation,3327.3230639016138,NA,NA,NA,NA
fixed,NA,(Intercept),11900.082175726784,508.41752139041273,23.406121298067415,23.000256385319876,1.5287294283648617e-17
fixed,NA,SpeechStyle,1892.9051487167194,686.9279280561942,2.75560953544732,23.000510962164807,0.01125880791678497
ran_pars,subj_id,sd__(Intercept),2349.012060001719,NA,NA,NA,NA
ran_pars,subj_id,cor__(Intercept).SpeechStyle,0.700169516376819,NA,NA,NA,NA
ran_pars,subj_id,sd__SpeechStyle,2929.407109114406,NA,NA,NA,NA
ran_pars,item_id,sd__(Intercept),0,NA,NA,NA,NA
ran_pars,Residual,sd__Observation,3312.674731582183,NA,NA,NA,NA
fixed,NA,(Intercept),12759.132504002226,520.8445505922482,24.497006812289612,29.3854739112192,4.168485726193473e-21
fixed,NA,SpeechStyle,4610.926268917528,732.5970774595024,6.293945759253207,18.960442980273367,4.884377861255661e-6
ran_pars,subj_id,sd__(Intercept),2000.6244534191023,NA,NA,NA,NA
ran_pars,subj_id,cor__(Intercept).SpeechStyle,0.7619465909020384,NA,NA,NA,NA
ran_pars,subj_id,sd__SpeechStyle,1687.5923321374687,NA,NA,NA,NA
ran_pars,item_id,sd__(Intercept),1075.9501974447403,NA,NA,NA,NA
ran_pars,Residual,sd__Observation,3513.8483893733564,NA,NA,NA,NA
fixed,NA,(Intercept),13208.355062470433,461.4878416045332,28.621241713642338,28.329231595567748,1.875941843240137e-22
fixed,NA,SpeechStyle,2979.2479058338495,678.495939629446,4.390959078489014,16.346992958211136,4.3461635663091905e-4
ran_pars,subj_id,sd__(Intercept),1641.9026210096388,NA,NA,NA,NA
ran_pars,subj_id,cor__(Intercept).SpeechStyle,0.3454860361810198,NA,NA,NA,NA
ran_pars,subj_id,sd__SpeechStyle,1177.5907381918216,NA,NA,NA,NA
ran_pars,item_id,sd__(Intercept),1066.748884677245,NA,NA,NA,NA
ran_pars,Residual,sd__Observation,3366.9705777220047,NA,NA,NA,NA
fixed,NA,(Intercept),12365.193588193128,477.37560141156524,25.902441498120435,28.556771037058684,2.2130547493633202e-21
fixed,NA,SpeechStyle,2994.537550032886,691.1297597814971,4.332815231367867,20.059575467661944,3.2119662364032937e-4
ran_pars,subj_id,sd__(Intercept),1842.126857647582,NA,NA,NA,NA
ran_pars,subj_id,cor__(Intercept).SpeechStyle,0.6816896532939071,NA,NA,NA,NA
ran_pars,subj_id,sd__SpeechStyle,1777.744945763666,NA,NA,NA,NA
ran_pars,item_id,sd__(Intercept),948.4065043692465,NA,NA,NA,NA
ran_pars,Residual,sd__Observation,3409.763510372822,NA,NA,NA,NA
fixed,NA,(Intercept),12506.661089035819,461.10332694536856,27.12333734802483,29.307962770520586,2.587453607153957e-22
fixed,NA,SpeechStyle,3529.9054478339244,795.5722797916108,4.4369387138005045,27.884861158574477,1.3000078187155154e-4
ran_pars,subj_id,sd__(Intercept),1831.8401467767403,NA,NA,NA,NA
ran_pars,subj_id,cor__(Intercept).SpeechStyle,0.616459248284737,NA,NA,NA,NA
ran_pars,subj_id,sd__SpeechStyle,2863.8848878387867,NA,NA,NA,NA
ran_pars,item_id,sd__(Intercept),886.5413400630799,NA,NA,NA,NA
ran_pars,Residual,sd__Observation,3015.2121784784485,NA,NA,NA,NA
fixed,NA,(Intercept),11823.80878995729,435.88589673284696,27.125926483471574,27.330944039566127,2.6753182460792166e-21
fixed,NA,SpeechStyle,3805.6235716828387,855.5595928442766,4.448110457193499,27.269437498094927,1.315779910312873e-4
ran_pars,subj_id,sd__(Intercept),1762.8003062248326,NA,NA,NA,NA
ran_pars,subj_id,cor__(Intercept).SpeechStyle,0.5362446025679911,NA,NA,NA,NA
ran_pars,subj_id,sd__SpeechStyle,3428.9601116251965,NA,NA,NA,NA
ran_pars,item_id,sd__(Intercept),738.3703371216092,NA,NA,NA,NA
ran_pars,Residual,sd__Observation,3186.635360517769,NA,NA,NA,NA
fixed,NA,(Intercept),11239.690066341203,424.40231525550087,26.483573869229783,26.50787079708663,1.334572682558864e-20
fixed,NA,SpeechStyle,2271.9176396662206,715.9412566660002,3.1733296810496734,24.404099312275818,0.004042508291504526
ran_pars,subj_id,sd__(Intercept),1687.2900188964006,NA,NA,NA,NA
ran_pars,subj_id,cor__(Intercept).SpeechStyle,0.26237669080095666,NA,NA,NA,NA
ran_pars,subj_id,sd__SpeechStyle,2529.4767057119757,NA,NA,NA,NA
ran_pars,item_id,sd__(Intercept),717.9294920171961,NA,NA,NA,NA
ran_pars,Residual,sd__Observation,3353.1693987198882,NA,NA,NA,NA
fixed,NA,(Intercept),12949.4426894246,631.4624688969649,20.507066258497698,30.794065331861976,1.6411442904626603e-19
fixed,NA,SpeechStyle,3542.5926145237486,911.0119320794147,3.8886347036505486,22.232957485759762,7.788971487474587e-4
ran_pars,subj_id,sd__(Intercept),2465.5386972123492,NA,NA,NA,NA
ran_pars,subj_id,cor__(Intercept).SpeechStyle,0.15052036845707514,NA,NA,NA,NA
ran_pars,subj_id,sd__SpeechStyle,2440.214022406419,NA,NA,NA,NA
ran_pars,item_id,sd__(Intercept),1321.1571922761232,NA,NA,NA,NA
ran_pars,Residual,sd__Observation,3736.97382063027,NA,NA,NA,NA
fixed,NA,(Intercept),13077.246524994995,397.457807886144,32.90222575962355,22.56748066289412,1.4315078713924038e-20
fixed,NA,SpeechStyle,2814.5323012110066,942.5819010695458,2.985981693492483,27.305269463301443,0.00590528280196782
ran_pars,subj_id,sd__(Intercept),1174.9209299365434,NA,NA,NA,NA
ran_pars,subj_id,cor__(Intercept).SpeechStyle,0.39384390238468175,NA,NA,NA,NA
ran_pars,subj_id,sd__SpeechStyle,3417.5184071220065,NA,NA,NA,NA
ran_pars,item_id,sd__(Intercept),1014.817722152061,NA,NA,NA,NA
ran_pars,Residual,sd__Observation,3722.6298484764757,NA,NA,NA,NA
fixed,NA,(Intercept),12537.579849959302,604.0868046943395,20.754599757071606,32.208571893572575,3.291525944962309e-20
fixed,NA,SpeechStyle,2446.829269595564,947.1271773889663,2.583422087349416,24.833172794297493,0.016064727763496316
ran_pars,subj_id,sd__(Intercept),2280.3510743412485,NA,NA,NA,NA
ran_pars,subj_id,cor__(Intercept).SpeechStyle,0.2156404408531701,NA,NA,NA,NA
ran_pars,subj_id,sd__SpeechStyle,2701.258625605853,NA,NA,NA,NA
ran_pars,item_id,sd__(Intercept),1398.0279376588185,NA,NA,NA,NA
ran_pars,Residual,sd__Observation,3165.7583700048035,NA,NA,NA,NA
fixed,NA,(Intercept),12278.695499884861,449.96469583098,27.288130854819553,27.667845455315934,1.5243969441393232e-21
fixed,NA,SpeechStyle,4346.096424699979,870.5676171149147,4.992256016945661,26.68963000123362,3.203977951181504e-5
ran_pars,subj_id,sd__(Intercept),1536.458658603292,NA,NA,NA,NA
ran_pars,subj_id,cor__(Intercept).SpeechStyle,0.5246883727560042,NA,NA,NA,NA
ran_pars,subj_id,sd__SpeechStyle,2862.7229034955476,NA,NA,NA,NA
ran_pars,item_id,sd__(Intercept),1096.4676633719378,NA,NA,NA,NA
ran_pars,Residual,sd__Observation,3335.0747998445036,NA,NA,NA,NA
fixed,NA,(Intercept),13015.473560393319,499.9986622447879,26.03101676704335,27.950725060004277,3.868785625792764e-21
fixed,NA,SpeechStyle,2924.6806708837926,1017.2510895601807,2.875082367469677,28.39584910070227,0.00757561927148617
ran_pars,subj_id,sd__(Intercept),1706.4778922532994,NA,NA,NA,NA
ran_pars,subj_id,cor__(Intercept).SpeechStyle,0.5727492369366115,NA,NA,NA,NA
ran_pars,subj_id,sd__SpeechStyle,3533.2124635235964,NA,NA,NA,NA
ran_pars,item_id,sd__(Intercept),1230.2413280626818,NA,NA,NA,NA
ran_pars,Residual,sd__Observation,3616.9832938702007,NA,NA,NA,NA
fixed,NA,(Intercept),12647.740850754666,492.6141692101914,25.674740276011136,27.55545453027368,8.79722707766496e-21
fixed,NA,SpeechStyle,2727.2125805176306,803.506636354275,3.3941382150765116,26.855320379392996,0.0021525809784908503
ran_pars,subj_id,sd__(Intercept),2069.9217582386495,NA,NA,NA,NA
ran_pars,subj_id,cor__(Intercept).SpeechStyle,0.6570179621172476,NA,NA,NA,NA
ran_pars,subj_id,sd__SpeechStyle,3055.659863441895,NA,NA,NA,NA
ran_pars,item_id,sd__(Intercept),768.4424559207189,NA,NA,NA,NA
ran_pars,Residual,sd__Observation,3234.1118734825322,NA,NA,NA,NA
fixed,NA,(Intercept),11450.747965391238,480.920451435043,23.81006657384349,28.463296732168345,2.4426493965769285e-20
fixed,NA,SpeechStyle,2342.5608536167483,619.7495472661417,3.779850850961207,23.202347048114337,9.590394887112332e-4
ran_pars,subj_id,sd__(Intercept),2033.9689002741354,NA,NA,NA,NA
ran_pars,subj_id,cor__(Intercept).SpeechStyle,0.12109435715512926,NA,NA,NA,NA
ran_pars,subj_id,sd__SpeechStyle,1887.579360660893,NA,NA,NA,NA
ran_pars,item_id,sd__(Intercept),776.2153166838364,NA,NA,NA,NA
ran_pars,Residual,sd__Observation,2856.6630057866937,NA,NA,NA,NA
fixed,NA,(Intercept),12403.74156329886,443.9017669429682,27.942537036335953,28.44122644242002,3.161520956426534e-22
fixed,NA,SpeechStyle,1989.8949631063274,808.1000259178002,2.4624364549998656,26.16512350905774,0.02069594180872457
ran_pars,subj_id,sd__(Intercept),1606.47446863867,NA,NA,NA,NA
ran_pars,subj_id,cor__(Intercept).SpeechStyle,0.6164690564643026,NA,NA,NA,NA
ran_pars,subj_id,sd__SpeechStyle,2660.634090615111,NA,NA,NA,NA
ran_pars,item_id,sd__(Intercept),997.668815512793,NA,NA,NA,NA
ran_pars,Residual,sd__Observation,3238.2609459380305,NA,NA,NA,NA
fixed,NA,(Intercept),11527.502424393586,554.1425031738769,20.802415188095626,31.25512540059725,7.179162647391115e-20
fixed,NA,SpeechStyle,1360.120959812325,960.3884328141925,1.4162196392003705,27.751896272539927,0.16783819951320328
ran_pars,subj_id,sd__(Intercept),2060.871175215772,NA,NA,NA,NA
ran_pars,subj_id,cor__(Intercept).SpeechStyle,0.7256540764619324,NA,NA,NA,NA
ran_pars,subj_id,sd__SpeechStyle,3105.795692162402,NA,NA,NA,NA
ran_pars,item_id,sd__(Intercept),1285.55508250138,NA,NA,NA,NA
ran_pars,Residual,sd__Observation,3209.0026505903893,NA,NA,NA,NA
fixed,NA,(Intercept),13318.867601682008,474.5746695698835,28.06485144635546,27.481427772665413,9.048772960048121e-22
fixed,NA,SpeechStyle,3143.541422573503,723.7178648508149,4.343600697519749,22.705591046572213,2.451245436129085e-4
ran_pars,subj_id,sd__(Intercept),1881.7434845371429,NA,NA,NA,NA
ran_pars,subj_id,cor__(Intercept).SpeechStyle,0.6194896750085822,NA,NA,NA,NA
ran_pars,subj_id,sd__SpeechStyle,2261.200584721818,NA,NA,NA,NA
ran_pars,item_id,sd__(Intercept),848.9545705519619,NA,NA,NA,NA
ran_pars,Residual,sd__Observation,3540.0846815796217,NA,NA,NA,NA
fixed,NA,(Intercept),12602.490420078657,600.5836496849657,20.98373877925124,30.749288687197897,8.82011933850187e-20
fixed,NA,SpeechStyle,1709.5261500591944,971.3510235572526,1.759946825194685,25.02503372493684,0.09063711000557853
ran_pars,subj_id,sd__(Intercept),2258.9373247650556,NA,NA,NA,NA
ran_pars,subj_id,cor__(Intercept).SpeechStyle,0.5363393068832548,NA,NA,NA,NA
ran_pars,subj_id,sd__SpeechStyle,2903.1826787559194,NA,NA,NA,NA
ran_pars,item_id,sd__(Intercept),1346.454961687922,NA,NA,NA,NA
ran_pars,Residual,sd__Observation,3654.275311918806,NA,NA,NA,NA
fixed,NA,(Intercept),12338.841239273932,644.1663993000143,19.15474208633356,31.650978907120464,5.695569306770122e-19
fixed,NA,SpeechStyle,2080.08495886339,1018.0811051371045,2.0431426812338946,23.302444611641903,0.05250614922066121
ran_pars,subj_id,sd__(Intercept),2368.9605639171227,NA,NA,NA,NA
ran_pars,subj_id,cor__(Intercept).SpeechStyle,0.7163569805136422,NA,NA,NA,NA
ran_pars,subj_id,sd__SpeechStyle,2736.4945265986184,NA,NA,NA,NA
ran_pars,item_id,sd__(Intercept),1539.905756878933,NA,NA,NA,NA
ran_pars,Residual,sd__Observation,3554.984413341424,NA,NA,NA,NA
fixed,NA,(Intercept),11321.484664855132,536.2421994094419,21.11263283143954,31.52984682273403,3.628647692434082e-20
fixed,NA,SpeechStyle,1914.0493511885556,860.7856722117807,2.22360735427952,26.45650424034128,0.03491516249716565
ran_pars,subj_id,sd__(Intercept),2058.8165840822403,NA,NA,NA,NA
ran_pars,subj_id,cor__(Intercept).SpeechStyle,0.3786419674006372,NA,NA,NA,NA
ran_pars,subj_id,sd__SpeechStyle,2670.6559894851184,NA,NA,NA,NA
ran_pars,item_id,sd__(Intercept),1182.6319360424093,NA,NA,NA,NA
ran_pars,Residual,sd__Observation,3005.817141866781,NA,NA,NA,NA
fixed,NA,(Intercept),12232.438637915537,446.5731585147615,27.39179103060936,26.56259773720282,5.26377930627914e-21
fixed,NA,SpeechStyle,3550.039548787492,887.8942432678758,3.998268460128368,26.45581444868497,4.5787069060498724e-4
ran_pars,subj_id,sd__(Intercept),1611.3967394689453,NA,NA,NA,NA
ran_pars,subj_id,cor__(Intercept).SpeechStyle,0.5527567719150198,NA,NA,NA,NA
ran_pars,subj_id,sd__SpeechStyle,3187.7732125106677,NA,NA,NA,NA
ran_pars,item_id,sd__(Intercept),943.6120245362645,NA,NA,NA,NA
ran_pars,Residual,sd__Observation,3696.608457481237,NA,NA,NA,NA
fixed,NA,(Intercept),12954.235199234905,558.3450181726846,23.201129727333623,25.52643548908167,1.1164424761719367e-18
fixed,NA,SpeechStyle,3847.3283579710737,620.4158888295959,6.201208620283715,21.73281417309367,3.2256430231587615e-6
ran_pars,subj_id,sd__(Intercept),2496.2316410381977,NA,NA,NA,NA
ran_pars,subj_id,cor__(Intercept).SpeechStyle,0.6808367533212837,NA,NA,NA,NA
ran_pars,subj_id,sd__SpeechStyle,2057.8511440388374,NA,NA,NA,NA
ran_pars,item_id,sd__(Intercept),614.0225850321688,NA,NA,NA,NA
ran_pars,Residual,sd__Observation,3311.2458453541426,NA,NA,NA,NA
fixed,NA,(Intercept),12685.772142488984,623.4100287324164,20.349002354490583,31.64909379852261,9.671673457477284e-20
fixed,NA,SpeechStyle,3659.4409318990797,992.8195647246797,3.6859073510642237,22.27952927746398,0.0012728430986610915
ran_pars,subj_id,sd__(Intercept),2233.3116925794784,NA,NA,NA,NA
ran_pars,subj_id,cor__(Intercept).SpeechStyle,0.5641206643013515,NA,NA,NA,NA
ran_pars,subj_id,sd__SpeechStyle,2509.552717623685,NA,NA,NA,NA
ran_pars,item_id,sd__(Intercept),1559.5934147391624,NA,NA,NA,NA
ran_pars,Residual,sd__Observation,3325.4966282247833,NA,NA,NA,NA
fixed,NA,(Intercept),12376.896643604485,602.6942311210507,20.535946761233546,32.010103649837184,5.379770606898312e-20
fixed,NA,SpeechStyle,3297.3125187508963,1007.2761360889666,3.2734941299747664,28.101345385674495,0.0028171870685653956
ran_pars,subj_id,sd__(Intercept),2297.6371542573715,NA,NA,NA,NA
ran_pars,subj_id,cor__(Intercept).SpeechStyle,0.40265643107712784,NA,NA,NA,NA
ran_pars,subj_id,sd__SpeechStyle,3255.1495874638654,NA,NA,NA,NA
ran_pars,item_id,sd__(Intercept),1363.57983859183,NA,NA,NA,NA
ran_pars,Residual,sd__Observation,3223.927077322256,NA,NA,NA,NA
